id,name,brand,category,parent,group,tags,price,description
1,GG Monogram Silk Shirt,Gucci,Button-up Shirt,Shirts,Men's Fashion,"Luxury, Statement Piece",180.0,"Taking inspiration from founder Guccio Gucci's monogram, the GG motif continues to be a firm favorite of the House. This relaxed shirt has been made from a silk twill with an allover GG print."
2,Tailored Poplin Shirt,Zara,Dress Shirt,Shirts,Women's Fashion,"Modern Workwear, Business Casual",90.0,Oversized shirt with a lapel collar. Long batwing sleeves finished with cuffs and dropped shoulders. Patch pocket on the front. Front button closure.
3,Relaxed Fit Graphic Tee,H&M,T-shirt,Shirts,Kid's Fashion,"Casual, Kids Everyday",30.0,"A fun and comfy tee for everyday play. This relaxed-fit T-shirt is made from soft organic cotton and features a cool graphic print, perfect for active kids."
4,AIRism Organic Cotton Tee,Uniqlo,T-shirt,Shirts,Women's Fashion,"Core Essential, Sustainable",40.0,Experience incredible comfort with our AIRism technology. This soft tee wicks moisture to keep you feeling fresh and dry. A perfect minimalist staple for any modern wardrobe.
5,Embroidered Linen Kurta,Routine,Kurta,Shirts,Men's Fashion,"Cultural, Festive Wear",70.0,"Embrace cultural elegance with this beautifully embroidered kurta. Crafted from a breathable linen-cotton blend, it's perfect for festive occasions and smart-casual gatherings."
6,GG Crest Tailored Trousers,Gucci,Dress Pants,Pants,Men's Fashion,"Luxury, Statement Piece",190.0,"Impeccably tailored from fine wool, these trousers feature the iconic Gucci crest. A luxurious foundation for any formal or statement-making ensemble."
7,High-Waisted Flared Jeans,Zara,Jeans,Pants,Women's Fashion,"Retro/Heritage Style, Vintage",100.0,"High-waisted, five-pocket jeans. Flared leg design. Front zipper and metal button closure. The flared silhouette creates an on-trend, leg-lengthening effect."
8,Kids Elastic Waist Shorts,H&M,Shorts,Pants,Kid's Fashion,"Casual, Kids Everyday",25.0,"Perfect for playdates and everyday fun. These comfy cotton shorts feature a flexible elastic waist, ensuring a snug and comfortable fit for active kids all day long."
9,Smart Stretch Chinos,Uniqlo,Chinos,Pants,Men's Fashion,"Modern Workwear, Business Casual",80.0,"The perfect blend of comfort and style for the modern professional. These smart chinos are made with stretch polyester for all-day flexibility and a sharp, tailored look."
10,Kids Elastic Cotton Shorts,Routine,Shorts,Pants,Kid's Fashion,"Casual, Kids Everyday",35.0,"Designed for ultimate comfort and movement, these shorts are made from a soft cotton-spandex blend. The elastic waistband ensures a perfect fit for endless hours of play."
11,Double-G Leather Bomber,Gucci,Bomber Jacket,Outerwear,Men's Fashion,"Statement Piece, Luxury",204.0,"A bold statement in luxury outerwear. This bomber jacket is crafted from supple leather and features the iconic Double-G emblem, defining modern, high-end style."
12,Recycled Denim Jacket,H&M,Denim Jacket,Outerwear,Women's Fashion,"Core Essential, Sustainable",75.0,"A timeless classic with a sustainable twist. This denim jacket is made from recycled cotton, offering a cool, versatile layer that's kind to the planet."
13,Kids Puffer Jacket,Uniqlo,Puffer Jacket,Outerwear,Kid's Fashion,"Weather-Ready, Seasonal",60.0,"Keep your little one warm and cozy during colder months. This lightweight puffer jacket provides excellent insulation without the bulk, perfect for seasonal adventures."
14,Water-Resistant Parka,Zara,Parka,Outerwear,Men's Fashion,"Seasonal, Weather-Ready",120.0,Parka with a high collar and adjustable hood. Long sleeves with elastic cuffs. Front zipper closure hidden by a snap-button placket. Water-resistant fabric for protection.
15,Ultraboost 25,Adidas,Sneakers,Shoes,Men's Fashion,"Athleisure, Performance",150.0,Unleash your potential with the Ultraboost 25. Engineered with a responsive Boost midsole and a lightweight mesh upper for ultimate energy return and all-day comfort.
16,Air Max 270,Nike,Sneakers,Shoes,Women's Fashion,"Athleisure, Lifestyle",130.0,"Step up your style with the iconic Air Max 270. Featuring Nike's largest-ever Air unit for visible cushioning and a sleek design, it's the perfect blend of comfort and street-ready fashion."
17,Kids Active Sneakers,Biti’s,Sneakers,Shoes,Kid's Fashion,"Kids Everyday, Casual",40.0,"Designed for little feet on the go. These active sneakers provide durable support and a comfortable fit, making them the perfect companion for school, sports, and playtime."
18,Classic Leather Sneakers,Puma,Sneakers,Shoes,Men's Fashion,"Everyday Essential, Casual",80.0,"Timeless style meets everyday comfort. These classic sneakers are crafted from premium leather, offering a clean, minimalist look that pairs perfectly with any casual outfit."
19,Stan Smith Eco Sneakers,Adidas,Sneakers,Shoes,Women's Fashion,"Core Essential, Sustainable",100.0,"An icon, reimagined for a better future. The Stan Smith Eco features a sustainable canvas upper while retaining its timeless, minimalist design. Style that feels good."
20,Recycled Cotton Skater Dress,H&M,Dress,Dresses,Women's Fashion,"Sustainable, Core Essential",45.0,"A fun and flirty staple made with the planet in mind. This skater dress, crafted from recycled cotton, features a flattering fit-and-flare silhouette for effortless style."
21,Sequin Embroidered Blouse,Zara,Blouse,Shirts,Women's Fashion,"Luxury, Statement Piece",110.0,Make a dazzling entrance with this sequin embroidered blouse. Its intricate detailing and luxurious feel make it the perfect statement top for parties and special events.
22,Kids Cartoon Print Tee,H&M,T-shirt,Shirts,Kid's Fashion,"Casual, Kids Everyday",30.0,"Bring a smile to their face with this playful cartoon print tee. Made from soft, breathable cotton, it's designed for all-day comfort and fun-filled adventures."
23,Cotton Linen Blend Shirt,Uniqlo,Button-up Shirt,Shirts,Men's Fashion,"Modern Workwear, Business Casual",70.0,"Stay cool and look sharp. This shirt is crafted from a breathable cotton-linen blend, offering a relaxed yet refined look for business casual settings or warm-weather events."
24,Organic Cotton Polo,Routine,Polo Shirt,Shirts,Men's Fashion,"Casual, Everyday Essential",45.0,"A classic staple, consciously made. Our organic cotton polo shirt offers a soft feel and a timeless fit, perfect for smart-casual occasions and effortless weekend style."
25,Logo Print Polo Shirt,Gucci,Polo Shirt,Shirts,Men's Fashion,"Luxury, Statement Piece",160.0,"Elevate your casual look with this Gucci polo shirt. Crafted from premium cotton and featuring a subtle logo print, it combines classic style with a touch of luxury."
26,Slim Fit Oxford Shirt,Zara,Button-up Shirt,Shirts,Men's Fashion,"Business Casual, Modern Workwear",85.0,"A cornerstone of the modern man's wardrobe. This slim-fit Oxford shirt provides a sharp, tailored silhouette that's perfect for both the office and casual outings."
27,Kids Printed T-shirt,Routine,T-shirt,Shirts,Kid's Fashion,"Kids Everyday, Casual",28.0,"A fun and comfortable tee for your little one's everyday wardrobe. Made from soft cotton with a vibrant print, it’s perfect for school, play, and everything in between."
28,AIRism Active Polo,Uniqlo,Polo Shirt,Shirts,Men's Fashion,"Athleisure, Performance",55.0,"Engineered for performance and style. The AIRism Active Polo wicks moisture to keep you dry and comfortable, whether you're on the golf course or enjoying an active day out."
29,Performance Running Skirt,Nike,Skirt,Dresses,Women's Fashion,"Performance, Athleisure",65.0,"Move freely and confidently with the Nike Performance Running Skirt. Its lightweight, sweat-wicking fabric and built-in shorts provide comfort and coverage on every run."
30,Active Performance Track Pants,Coolmate,Track Pants,Pants,Men's Fashion,"Lifestyle, Athleisure",50.0,"Designed for both workouts and weekend lounging. These track pants are crafted from a lightweight, flexible material for optimal comfort and a sleek, athletic look."
31,Pleated Wide-Leg Trousers,Gucci,Wide-Leg Pants,Pants,Women's Fashion,"Luxury, Statement Piece",185.0,"Exude effortless sophistication with these pleated, wide-leg trousers. Crafted from luxurious silk, they offer a fluid, flowing silhouette for a high-fashion statement."
32,Classic Denim Jeans,Zara,Jeans,Pants,Men's Fashion,"Casual, Everyday Essential",95.0,"The ultimate wardrobe staple. These classic denim jeans offer a versatile, timeless fit that can be dressed up or down for any occasion. A must-have for every man."
33,Kids Corduroy Pants,H&M,Corduroy Pants,Pants,Kid's Fashion,"Kids Everyday, Casual",38.0,"A cozy and stylish choice for cooler weather. These corduroy pants are soft, durable, and feature a classic texture that adds a touch of retro charm to any kid's outfit."
34,Smart Ankle Pants,Uniqlo,Dress Pants,Pants,Women's Fashion,"Modern Workwear, Business Casual",70.0,"Achieve a polished, modern look with these smart ankle pants. Their tailored fit and cropped length make them a versatile choice for the office or a chic, casual day."
35,Kids Fleece Joggers,Routine,Joggers,Pants,Kid's Fashion,"Kids Everyday, Casual",32.0,"Keep them warm and comfortable with these soft fleece joggers. Perfect for lounging at home or for active play on chilly days, with a relaxed fit for easy movement."
36,Tailored Wool Dress Pants,Zara,Dress Pants,Pants,Men's Fashion,"Modern Workwear, Business Casual",110.0,"Sharpen your professional wardrobe with these tailored dress pants. Made from premium wool, they offer a sophisticated drape and a classic fit for timeless business style."
37,Recycled Wool Coat,H&M,Wool Coat,Outerwear,Women's Fashion,"Core Essential, Sustainable",130.0,"Stay warm with a clear conscience. This elegant coat is crafted from recycled wool, offering luxurious warmth and a timeless design that's both stylish and sustainable."
38,Kids Raincoat,Uniqlo,Raincoat,Outerwear,Kid's Fashion,"Weather-Ready, Seasonal",45.0,Brighten up rainy days with this cheerful and practical raincoat. Its water-resistant material and fun colors will keep your child dry and happy during wet weather.
39,Monogrammed Wool Trousers,Gucci,Dress Pants,Pants,Men's Fashion,"Statement Piece, Luxury",195.0,"A testament to luxury craftsmanship. These wool trousers are detailed with a subtle monogram pattern, offering a sophisticated and exclusive touch to your formalwear."
40,Quilted Wool Coat,Gucci,Coat,Outerwear,Women's Fashion,"Luxury, Statement Piece",200.0,"An exquisitely crafted coat for the discerning woman. The quilted wool design provides exceptional warmth while creating a sophisticated, textured look of pure luxury."
41,Softshell Jacket,Nike,Softshell Jacket,Outerwear,Men's Fashion,"Athleisure, Lifestyle",90.0,"The perfect versatile layer for your active lifestyle. This Nike softshell jacket is lightweight, water-resistant, and breathable, ideal for running, hiking, or everyday wear."
42,Kids Denim Jacket,H&M,Denim Jacket,Outerwear,Kid's Fashion,"Kids Everyday, Casual",40.0,"A cool and classic wardrobe staple for any kid. This durable denim jacket is perfect for layering over tees and hoodies, adding a touch of timeless style to their look."
43,Lightweight Trench Coat,Zara,Trench Coat,Outerwear,Women's Fashion,"Business Casual, Modern Workwear",140.0,"An iconic silhouette, redefined for modern elegance. This lightweight trench coat offers a sophisticated layering piece, perfect for transitional weather and timeless style."
44,Kids Utility Coat,Routine,Utility Coat,Outerwear,Kid's Fashion,"Seasonal, Weather-Ready",55.0,"A practical and stylish coat for all their adventures. Featuring multiple pockets and a durable design, this utility coat is ready for exploring the great outdoors."
45,Recycled Puffer Vest,Uniqlo,Vest,Outerwear,Men's Fashion,"Sustainable, Core Essential",80.0,"A smart, sustainable layering piece. This puffer vest is made from recycled materials and offers core warmth without restricting movement, ideal for transitional seasons."
46,Classic Leather Boots,Zara,Boots,Shoes,Women's Fashion,"Retro/Heritage Style, Vintage",120.0,"Step out in timeless style with these classic leather boots. Their versatile design and durable construction make them a perfect choice for adding a polished, retro touch to any outfit."
47,Kids Velcro Sneakers,Biti’s,Sneakers,Shoes,Kid's Fashion,"Casual, Kids Everyday",35.0,"Easy on, easy off! These sneakers feature convenient velcro straps, making them perfect for kids who are always on the move. A practical and stylish choice for everyday wear."
48,Hooded Windbreaker,Uniqlo,Windbreaker,Outerwear,Men's Fashion,"Seasonal, Weather-Ready",80.0,Stay protected from the wind and light rain with this functional hooded windbreaker. Its lightweight design makes it easy to pack and perfect for unpredictable weather.
49,Dunk Low Retro,Nike,Sneakers,Shoes,Men's Fashion,"Urban Essential, Streetwear",110.0,"A true streetwear icon. The Nike Dunk Low Retro returns with its classic color-blocking and crisp leather overlays, delivering timeless court-to-street style."
50,Air Force 1,Nike,Sneakers,Shoes,Women's Fashion,"Streetwear, Urban Essential",100.0,The legend lives on in the Nike Air Force 1. This iconic sneaker combines timeless court style with premium materials and the signature Air-Sole unit for all-day comfort.
51,Classic Canvas Sneakers,Puma,Sneakers,Shoes,Men's Fashion,"Everyday Essential, Casual",70.0,"Effortless style for your everyday adventures. These classic canvas sneakers offer a lightweight feel and a timeless, versatile look that pairs with virtually anything."
52,Kids Sport Sandals,Biti’s,Sandals,Shoes,Kid's Fashion,"Summer & Swim, Seasonal",30.0,"Perfect for summer adventures! These sport sandals provide a secure fit and a durable, non-slip sole, ideal for active kids at the beach, park, or by the pool."
53,Recycled Flip-Flops,H&M,Flip-Flops,Shoes,Women's Fashion,"Core Essential, Sustainable",25.0,"Step into summer sustainably. These comfortable flip-flops are made from recycled rubber, offering a simple, eco-friendly choice for the beach or casual days."
54,Leather Loafers,Zara,Loafers,Shoes,Men's Fashion,"Business Casual, Modern Workwear",95.0,Add a touch of sophistication to your look with these classic leather loafers. Their timeless design and slip-on style make them perfect for business casual or smart weekend wear.
55,Kids Beach Sandals,Routine,Sandals,Shoes,Kid's Fashion,"Seasonal, Summer & Swim",28.0,Get them ready for sun and sand! These lightweight and durable beach sandals are easy to clean and perfect for all their coastal adventures. A summer essential.
56,NMD_R1 Primeblue,Adidas,Sneakers,Shoes,Women's Fashion,"Sustainable, Core Essential",120.0,"A fusion of street style and sustainability. The NMD_R1 Primeblue is made with high-performance recycled material, featuring responsive Boost cushioning for incredible comfort."
57,Kids Coastal Flip-Flops,Biti’s,Flip-Flops,Shoes,Kid's Fashion,"Seasonal, Summer & Swim",30.0,"Easy, breezy footwear for sunny days. These coastal flip-flops are lightweight and comfortable, perfect for a quick trip to the beach or pool."
58,Recycled Cotton Hoodie,H&M,Hoodie,Outerwear,Men's Fashion,"Sustainable, Core Essential",60.0,"Your go-to for casual comfort. This hoodie is made from soft, recycled cotton, offering a relaxed fit and cozy warmth. A sustainable choice for your everyday wardrobe."
59,Biti’s Kids Active Sneakers,Biti’s,Sneakers,Shoes,Kid's Fashion,"Athleisure, Lifestyle",40.0,"Fuel their active lifestyle with these durable and supportive sneakers. Designed for comfort and performance, they're perfect for sports, school, and endless play."
60,Organic Cotton T-shirt,Uniqlo,T-shirt,Shirts,Women's Fashion,"Casual, Everyday Essential",35.0,"A wardrobe staple, crafted from soft and breathable organic cotton. Its simple, versatile design makes it the perfect foundation for countless casual outfits."
61,Linen Blend Shirt,Routine,Button-up Shirt,Shirts,Men's Fashion,"Business Casual, Modern Workwear",65.0,Stay effortlessly cool and stylish in this linen-blend shirt. Its breathable fabric and relaxed fit make it an ideal choice for warm weather and smart-casual occasions.
62,Kids Graphic Tee,H&M,T-shirt,Shirts,Kid's Fashion,"Casual, Kids Everyday",25.0,"Add a splash of fun to their wardrobe with this vibrant graphic tee. Made from soft, comfortable cotton, it's perfect for expressing their personality every day."
63,Recycled Cotton Dress,H&M,Dress,Dresses,Women's Fashion,"Core Essential, Sustainable",50.0,"Effortless, everyday style with a sustainable focus. This comfortable dress is made from soft recycled cotton, featuring a simple silhouette for easy, versatile wear."
64,Vintage Washed Jeans,Zara,Jeans,Pants,Women's Fashion,"Vintage, Retro/Heritage Style",90.0,"Capture a perfectly worn-in look with these vintage washed jeans. The soft, faded denim provides a comfortable feel and a cool, retro aesthetic for effortless style."
65,Kids Play Shorts,Routine,Shorts,Pants,Kid's Fashion,"Kids Everyday, Casual",28.0,"Ready for any adventure! These durable and comfortable play shorts are made from soft cotton, providing the freedom of movement needed for a day full of fun."
66,Wool Blend Trousers,Uniqlo,Dress Pants,Pants,Men's Fashion,"Modern Workwear, Business Casual",85.0,"A sophisticated choice for the modern man. These trousers are crafted from a refined wool blend, offering a sharp, tailored look for business and formal settings."
67,Kids Softshell Jacket,Uniqlo,Softshell Jacket,Outerwear,Kid's Fashion,"Seasonal, Weather-Ready",48.0,"A versatile layer for changing weather. This softshell jacket is wind-resistant and water-repellent, keeping your child comfortable and protected during outdoor activities."
68,Waterproof Raincoat,Zara,Raincoat,Outerwear,Women's Fashion,"Weather-Ready, Seasonal",110.0,"Don't let the rain stop you. This fully waterproof raincoat offers complete protection from the elements, featuring a sleek design for a stylish and practical outerwear solution."
69,Double-G Leather Belt,Gucci,Belt,Accessories,Men's Fashion,"Luxury, Statement Piece",150.0,"The perfect finishing touch of luxury. This belt is crafted from premium leather and features the iconic Double-G buckle, instantly elevating any outfit."
70,Alphabounce Coastal Runner,Adidas,Running Shoes,Shoes,Men's Fashion,"Athleisure, Performance",110.0,"Engineered for seasonal runs by the coast. The Alphabounce offers a supportive fit and cushioned ride, with a design optimized for performance in warmer climates."
71,Biti’s AquaPulse Swim Shoes,Biti’s,Water Shoes,Shoes,Kid's Fashion,"Seasonal, Summer & Swim",30.0,"Protect their feet in and out of the water. These swim shoes offer a secure fit and a quick-drying design with a non-slip sole, perfect for the pool or rocky shores."
72,GG Floral Midi Dress,Gucci,Midi Dress,Dresses,Women's Fashion,"Luxury, Statement Piece",195.0,"An expression of pure romance and luxury. This stunning midi dress features a delicate floral print on flowing chiffon, with subtle GG details for a signature Gucci touch."
73,Kids Swim Shorts,H&M,Swim Shorts,Swimwear,Kid's Fashion,"Seasonal, Summer & Swim",30.0,"Make a splash in these fun and comfortable swim shorts. Made from quick-drying fabric, they're perfect for a day of fun at the beach or pool."
74,Vintage Striped Polo,Zara,Polo Shirt,Shirts,Men's Fashion,"Vintage, Retro/Heritage Style",70.0,"A nod to classic sportswear style. This polo features timeless stripes and a comfortable cotton construction, offering a cool, retro vibe for your casual wardrobe."
75,Kids Sun Protection Rash Guard,Uniqlo,Rash Guard,Swimwear,Kid's Fashion,"Seasonal, Summer & Swim",35.0,"Keep them safe in the sun with this UPF 50+ rash guard. Its lightweight, quick-drying fabric provides excellent sun protection for long days of water play."
76,Organic Cotton Leggings,Routine,Leggings,Pants,Women's Fashion,"Casual, Everyday Essential",30.0,"The ultimate in everyday comfort. These leggings are made from soft, breathable organic cotton with a touch of stretch, perfect for lounging or light activities."
77,Smart Casual Shirt,Zara,Button-up Shirt,Shirts,Men's Fashion,"Business Casual, Modern Workwear",80.0,"Effortlessly bridge the gap between smart and casual. This versatile button-up shirt features a clean design and comfortable fabric, ideal for a relaxed office or weekend outings."
78,Kids Active Shorts,H&M,Shorts,Pants,Kid's Fashion,"Lifestyle, Athleisure",28.0,"Designed for movement, these active shorts are made from lightweight, breathable polyester. They're perfect for sports, P.E. class, or any high-energy activity."
79,Floral Wrap Maxi Dress,Zara,Maxi Dress,Dresses,Women's Fashion,"Seasonal, Summer & Swim",95.0,A beautifully flowing maxi dress perfect for sunny days. The wrap design and vibrant floral print create a flattering and effortlessly romantic silhouette.
80,Kids Cartoon Swimsuit,H&M,Swimsuit,Swimwear,Kid's Fashion,"Summer & Swim, Seasonal",32.0,"They'll love swimming in this adorable cartoon swimsuit. The fun design and comfortable, stretchy fabric make it a hit for pool parties and beach days."
81,Recycled Polyester Joggers,Uniqlo,Joggers,Pants,Men's Fashion,"Core Essential, Sustainable",55.0,"Comfortable, stylish, and eco-conscious. These joggers are crafted from soft recycled polyester, perfect for a relaxed yet put-together look for lounging or running errands."
82,Vintage Denim Jacket,Zara,Denim Jacket,Outerwear,Men's Fashion,"Vintage, Retro/Heritage Style",100.0,"A classic with authentic, worn-in character. This vintage-style denim jacket adds a rugged, timeless layer to any man's wardrobe, perfect for a cool, casual look."
83,AIRism Performance Crop Top,Uniqlo,Crop Top,Shirts,Women's Fashion,"Performance, Athleisure",45.0,"Stay cool and focused during your workout. The AIRism crop top is designed with moisture-wicking technology and a sleek, supportive fit for ultimate performance."
84,Kids Cotton Overalls,Routine,Overalls,Pants,Kid's Fashion,"Casual, Kids Everyday",40.0,"An adorable and practical one-piece outfit. These classic cotton overalls are durable enough for playtime and offer a cute, timeless look for any casual day."
85,Wool Blend Cardigan,Zara,Cardigan,Outerwear,Women's Fashion,"Business Casual, Modern Workwear",85.0,A cozy and sophisticated layering piece. This soft wool-blend cardigan adds warmth and elegance to your business casual or weekend outfits.
86,Kids Sun Hat,H&M,Cap,Accessories,Kid's Fashion,"Seasonal, Summer & Swim",18.0,Protect your little one from the sun in style. This lightweight cotton sun hat provides ample shade and a comfortable fit for all their outdoor adventures.
87,Double-G Leather Sandals,Gucci,Sandals,Shoes,Women's Fashion,"Luxury, Statement Piece",160.0,"Step into luxury with these elegant leather sandals. Featuring the iconic Double-G hardware, they offer a sophisticated and instantly recognizable summer statement."
88,Kids Slip-On Sneakers,Biti’s,Sneakers,Shoes,Kid's Fashion,"Kids Everyday, Casual",38.0,"Effortless style for busy kids. These slip-on sneakers are easy to wear and feature a comfortable canvas design, making them a go-to choice for school and play."
89,Recycled Nylon Windbreaker,Uniqlo,Windbreaker,Outerwear,Men's Fashion,"Core Essential, Sustainable",75.0,"Lightweight protection that's better for the planet. This windbreaker is made from recycled nylon, offering a durable and water-resistant layer for your outdoor pursuits."
90,Vintage Floral Blouse,Zara,Blouse,Shirts,Women's Fashion,"Vintage, Retro/Heritage Style",80.0,"A touch of romantic, retro charm. This blouse features a delicate vintage floral print on a soft, flowing fabric, perfect for a graceful and feminine look."
91,Kids Graphic Hoodie,H&M,Hoodie,Outerwear,Kid's Fashion,"Casual, Kids Everyday",35.0,"The perfect cozy layer for cool days. This soft cotton hoodie features a fun graphic print, making it a comfortable and stylish favorite for any kid."
92,Organic Cotton Sweatshirt,Uniqlo,Sweater,Outerwear,Men's Fashion,"Everyday Essential, Casual",50.0,"A minimalist essential for your casual collection. This sweatshirt is crafted from soft organic cotton, offering a clean look and exceptional comfort for everyday wear."
93,Kids Denim Overalls,Routine,Overalls,Pants,Kid's Fashion,"Casual, Kids Everyday",42.0,"Classic, cute, and built to last. These denim overalls are a fun and durable one-piece solution for playtime, offering a timeless look that never goes out of style."
94,Performance Running Shorts,Nike,Shorts,Pants,Men's Fashion,"Athleisure, Performance",55.0,"Engineered for speed and comfort. These Nike running shorts are made with lightweight, sweat-wicking fabric to help you stay dry and focused on your miles."
95,Recycled Cotton T-shirt,H&M,T-shirt,Shirts,Men's Fashion,"Core Essential, Sustainable",35.0,"A basic tee with a positive impact. Made from soft recycled cotton, this t-shirt offers everyday comfort and a sustainable choice for your core wardrobe."
96,Kids Striped Polo,Routine,Polo Shirt,Shirts,Kid's Fashion,"Casual, Kids Everyday",28.0,"A smart and classic look for your little one. This striped polo is made from comfortable cotton, perfect for family gatherings, school picture day, or a polished everyday style."
97,Double-G Leather Tote Bag,Gucci,Tote Bag,Accessories,Women's Fashion,"Luxury, Statement Piece",200.0,"An icon of luxury and practicality. This tote bag is crafted from fine leather and adorned with the Double-G logo, offering timeless style and ample space for your essentials."
98,Kids Beach Cover-up,H&M,Cover-up,Swimwear,Kid's Fashion,"Seasonal, Summer & Swim",25.0,The perfect piece to throw on over a swimsuit. This lightweight cotton cover-up keeps them comfortable and protected from the sun after a swim.
99,Recycled Swim Shorts,Uniqlo,Swim Shorts,Swimwear,Men's Fashion,"Sustainable, Core Essential",40.0,"Dive in responsibly with these swim shorts made from recycled materials. They're quick-drying, comfortable, and a great sustainable choice for the beach or pool."
100,Vintage Knitwear,Zara,Knitwear,Outerwear,Women's Fashion,"Retro/Heritage Style, Vintage",70.0,"Cozy up with a touch of retro elegance. This vintage-inspired knitwear piece offers warmth and a timeless texture, perfect for layering during cooler seasons."
101,Kids Rash Guard,Routine,Rash Guard,Swimwear,Kid's Fashion,"Summer & Swim, Seasonal",30.0,"Essential sun protection for water fun. This comfortable rash guard provides a protective layer against the sun's rays, perfect for long, happy days at the beach."
102,Organic Cotton Henley,Uniqlo,Henley Shirt,Shirts,Men's Fashion,"Casual, Everyday Essential",40.0,"A relaxed and versatile upgrade from the basic tee. This Henley shirt is made from soft organic cotton, featuring a classic button placket for a touch of timeless style."
103,Kids Graphic Swimsuit,H&M,Swimsuit,Swimwear,Kid's Fashion,"Seasonal, Summer & Swim",35.0,"Let them show off their personality at the pool! This swimsuit features a fun, vibrant graphic and a comfortable fit for endless splashing and swimming."
104,Recycled Fleece Jacket,Uniqlo,Fleece Jacket,Outerwear,Men's Fashion,"Sustainable, Core Essential",65.0,"Ultimate warmth, sustainably sourced. This fleece jacket is made from soft, recycled polyester, providing a cozy and lightweight layer for cold-weather adventures."
105,Vintage Floral Maxi Dress,Zara,Maxi Dress,Dresses,Women's Fashion,"Retro/Heritage Style, Vintage",100.0,"Float through your day in this romantic, vintage-inspired maxi dress. Its delicate floral print and flowing silhouette create an effortlessly elegant and feminine look."
106,Kids Canvas Sneakers,Routine,Sneakers,Shoes,Kid's Fashion,"Casual, Kids Everyday",35.0,"A timeless and versatile shoe for any kid's wardrobe. These classic canvas sneakers are comfortable, durable, and perfect for school, weekends, and everything in between."
107,Recycled Cotton Jeans,H&M,Jeans,Pants,Women's Fashion,"Core Essential, Sustainable",80.0,"Your favorite denim, now more sustainable. These jeans are crafted from recycled cotton, offering the classic style and comfort you love with a smaller environmental footprint."
108,Kids Printed Shorts,Routine,Shorts,Pants,Kid's Fashion,"Kids Everyday, Casual",25.0,"Add a pop of fun to their summer outfits with these printed shorts. Made from soft, breathable cotton, they're perfect for staying cool and stylish on warm days."
109,Organic Cotton Hoodie,Uniqlo,Hoodie,Outerwear,Women's Fashion,"Everyday Essential, Casual",55.0,"The perfect cozy layer for relaxed days. This hoodie is made from soft organic fleece, offering casual comfort and a simple, versatile design for your everyday style."
110,Kids Slip-On Sandals,Biti’s,Sandals,Shoes,Kid's Fashion,"Kids Everyday, Casual",28.0,"Easy to wear and perfect for summer. These slip-on sandals are great for quick trips to the pool or beach, offering comfort and convenience for little feet."
111,Performance Sports Jacket,Nike,Sports Jacket,Outerwear,Men's Fashion,"Athleisure, Performance",85.0,"A sleek and functional layer for your workout. This Nike sports jacket is designed with performance fabric to keep you comfortable while you train, whatever the weather."
112,Recycled Cotton Polo,H&M,Polo Shirt,Shirts,Men's Fashion,"Core Essential, Sustainable",40.0,"Classic style, consciously crafted. This polo shirt is made from recycled cotton, offering a soft feel and a timeless look that's both smart and sustainable."
113,Kids Graphic T-shirt,Routine,T-shirt,Shirts,Kid's Fashion,"Kids Everyday, Casual",25.0,"A comfortable and fun tee that lets their personality shine. Featuring a cool graphic on soft cotton, it's a go-to for school, playdates, and weekend fun."
114,GG Monogram Crop Top,Gucci,Crop Top,Shirts,Women's Fashion,"Luxury, Statement Piece",150.0,"A bold, fashion-forward statement from Gucci. This silk crop top features the iconic GG monogram, perfect for creating a high-end, luxurious look for a seasonal event."
115,GG Silk Wrap Skirt,Gucci,Skirt,Dresses,Women's Fashion,"Luxury, Statement Piece",185.0,"Exude pure luxury with this exquisite silk wrap skirt. The flowing silhouette is adorned with the iconic GG monogram, creating a statement piece of unparalleled elegance."
116,Active Recovery Sneakers,Adidas,Sneakers,Shoes,Men's Fashion,"Athleisure, Performance",95.0,"Designed for post-workout comfort. These sneakers feature a cushioned sole and a breathable mesh upper to help your feet recover, while still looking stylish for everyday wear."
117,GG Monogram Silk Scarf,Gucci,Scarf,Accessories,Women's Fashion,"Luxury, Statement Piece",150.0,"The epitome of luxury accessorizing. This beautiful silk scarf features the signature GG monogram, adding a timeless and sophisticated touch to any ensemble."
118,Uniqlo Hoodie (Sustainable Cotton),Uniqlo,Hoodie,Outerwear,Men's Fashion,"Core Essential, Sustainable",87.0,"A cozy essential for your everyday wardrobe. This hoodie is crafted from soft, sustainable cotton, offering a comfortable fit and a minimalist design for versatile styling."
119,Zara T-shirt (Casual Polyester),Zara,T-shirt,Shirts,Women's Fashion,"Casual, Everyday Essential",140.0,"An easy-to-wear tee for any casual occasion. The lightweight polyester fabric provides a comfortable feel and a vibrant look, making it a versatile wardrobe staple."
120,H&M Jeans (Streetwear Denim),H&M,Jeans,Pants,Kid's Fashion,"Streetwear, Urban Essential",105.0,"Get the perfect streetwear look with these on-trend jeans. Designed with a modern fit and durable denim, they are the ideal base for any cool, casual kid's outfit."
121,Gucci Dress (Luxury/Statement Silk),Gucci,Dress,Dresses,Women's Fashion,"Statement Piece, Luxury",145.0,"A breathtaking expression of high fashion. This luxurious silk dress from Gucci is designed to make a statement, featuring an elegant silhouette and exquisite detailing."
122,Nike Sneakers (Athleisure Mesh),Nike,Sneakers,Shoes,Men's Fashion,"Lifestyle, Athleisure",133.0,"Engineered for both performance and style. These Nike sneakers feature a breathable mesh upper and responsive cushioning, perfect for an active lifestyle or a sporty street look."
123,Adidas Hoodie (Athleisure Cotton),Adidas,Hoodie,Outerwear,Kid's Fashion,"Athleisure, Lifestyle",201.0,"The perfect hoodie for sport and street. Made from soft cotton, this Adidas hoodie offers classic comfort and style, featuring the iconic brand logo for an athletic touch."
124,Puma Skirt (Sustainable Polyester),Puma,Skirt,Dresses,Women's Fashion,"Core Essential, Sustainable",186.0,"A sporty and sustainable choice. This Puma skirt is crafted from recycled polyester, offering a comfortable fit and a sleek design for an active, eco-conscious lifestyle."
125,Coolmate Shorts (Casual Spandex),Coolmate,Shorts,Pants,Men's Fashion,"Everyday Essential, Casual",120.0,"Move with ease in these comfortable casual shorts. The spandex blend provides excellent stretch and flexibility, making them ideal for active days or relaxed weekends."
126,Biti’s Polo Shirt (Eco-Friendly Cotton),Biti’s,Polo Shirt,Shirts,Kid's Fashion,"Conscious Choice, Eco-Friendly",131.0,"A smart and sustainable choice for kids. This polo shirt is made from eco-friendly cotton, offering a soft feel and a classic look that's kind to the planet."
127,Everest Jacket (Seasonal Wool),Everest,Jacket,Outerwear,Men's Fashion,"Seasonal, Weather-Ready",208.0,"Brave the cold in this rugged and warm seasonal jacket. Crafted from a durable wool blend, it's designed to provide excellent insulation on your outdoor adventures."
128,Bloom Sandals (Minimalist Leather),Bloom,Sandals,Shoes,Women's Fashion,"Minimalist, Clean Design",173.0,"Elegance in simplicity. These minimalist sandals are crafted from fine leather, featuring a clean design that pairs beautifully with any warm-weather outfit."
129,Zara T-shirt (Casual Cotton),Zara,T-shirt,Shirts,Men's Fashion,"Casual, Everyday Essential",127.0,"A timeless wardrobe basic. This classic cotton t-shirt from Zara offers a comfortable fit and a versatile look, perfect for layering or wearing on its own."
130,H&M Jeans (Vintage/Retro Denim),H&M,Jeans,Pants,Women's Fashion,"Retro/Heritage Style, Vintage",106.0,"Channel a cool, retro vibe with these vintage-style jeans. The classic denim wash and fit create an authentic look that's perfect for effortless, everyday style."
131,Uniqlo Dress (Sustainable Organic Cotton),Uniqlo,Dress,Dresses,Kid's Fashion,"Sustainable, Core Essential",112.0,"A simple and sweet dress for kids, made thoughtfully. Crafted from soft, sustainable organic cotton, it's comfortable for all-day play and gentle on the skin."
132,Gucci Sneakers (Luxury/Statement Leather),Gucci,Sneakers,Shoes,Men's Fashion,"Statement Piece, Luxury",197.0,"The ultimate in luxury footwear. These Gucci sneakers are crafted from premium leather, featuring iconic brand details for a high-fashion, statement-making look."
133,Nike Hoodie (Athleisure Polyester),Nike,Hoodie,Outerwear,Women's Fashion,"Athleisure, Performance",195.0,"A sleek, modern hoodie for your active life. The lightweight polyester fabric provides warmth without the weight, perfect for workouts or a sporty street style."
134,Adidas Skirt (Seasonal Spandex),Adidas,Skirt,Dresses,Kid's Fashion,"Seasonal, Summer & Swim",108.0,"A fun and flexible skirt for active kids. The spandex blend allows for easy movement, making it a great choice for sports and play during warmer seasons."
135,Puma Shorts (Casual Cotton),Puma,Shorts,Pants,Men's Fashion,"Casual, Everyday Essential",118.0,"Reliable comfort for any casual day. These Puma shorts are made from soft cotton, offering a relaxed fit that's perfect for sports, lounging, or weekend outings."
136,Coolmate Polo Shirt (Eco-Friendly Recycled Polyest,Coolmate,Polo Shirt,Shirts,Women's Fashion,"Eco-Friendly, Conscious Choice",117.0,"Look sharp and support sustainability. This polo shirt is made from eco-friendly recycled polyester, offering a crisp, comfortable feel with a modern, conscious edge."
137,Biti’s Jacket (Streetwear Denim),Biti’s,Jacket,Outerwear,Kid's Fashion,"Streetwear, Urban Essential",102.0,A cool and durable denim jacket for kids. This piece offers a classic streetwear look that's perfect for layering and adding a stylish edge to any outfit.
138,Everest Sandals (Minimalist Leather),Everest,Sandals,Shoes,Men's Fashion,"Clean Design, Minimalist",189.0,"Crafted for comfort and timeless style. These minimalist leather sandals provide a durable, supportive base for your warm-weather adventures, from city streets to nature trails."
139,Bloom T-shirt (Casual Cotton),Bloom,T-shirt,Shirts,Women's Fashion,"Everyday Essential, Casual",133.0,"A soft and simple essential for her wardrobe. This casual cotton t-shirt offers a comfortable, breathable fit, making it a perfect foundation for everyday looks."
140,Zara Jeans (Vintage/Retro Denim),Zara,Jeans,Pants,Kid's Fashion,"Retro/Heritage Style, Vintage",100.0,Give their style a retro twist with these vintage-inspired jeans. The classic cut and denim wash make them a fun and fashionable choice for any casual day.
141,H&M Dress (Sustainable Organic Cotton),H&M,Dress,Dresses,Women's Fashion,"Sustainable, Core Essential",115.0,"An easy, breezy dress that's kind to the planet. Made from soft, sustainable organic cotton, it's a comfortable and conscious choice for her everyday wardrobe."
142,Uniqlo Sneakers (Athleisure Mesh),Uniqlo,Sneakers,Shoes,Men's Fashion,"Lifestyle, Athleisure",128.0,"Lightweight, breathable, and built for comfort. These Uniqlo sneakers are perfect for an active lifestyle, featuring a mesh upper that keeps your feet cool all day long."
143,Gucci Hoodie (Luxury/Statement Silk),Gucci,Hoodie,Outerwear,Kid's Fashion,"Luxury, Statement Piece",209.0,"The pinnacle of luxurious loungewear for kids. This unique silk hoodie from Gucci offers unparalleled softness and an exclusive, high-fashion look."
144,Nike Skirt (Seasonal Spandex),Nike,Skirt,Dresses,Women's Fashion,"Seasonal, Summer & Swim",111.0,"A sporty and stylish skirt for warm-weather activities. The stretchy spandex fabric allows for full range of motion, making it perfect for tennis, running, or casual wear."
145,Adidas Shorts (Casual Cotton),Adidas,Shorts,Pants,Men's Fashion,"Casual, Everyday Essential",125.0,"Classic comfort for his everyday. These Adidas shorts are made from soft cotton, featuring the iconic brand logo for a sporty look that's perfect for play or relaxation."
146,Puma Polo Shirt (Eco-Friendly Recycled Polyester),Puma,Polo Shirt,Shirts,Kid's Fashion,"Conscious Choice, Eco-Friendly",129.0,"A smart, sporty, and sustainable choice for kids. This polo is made from recycled materials, offering a comfortable fit and a clean look that's good for the planet."
147,Coolmate Jacket (Streetwear Denim),Coolmate,Jacket,Outerwear,Men's Fashion,"Streetwear, Urban Essential",109.0,"A modern take on the classic denim jacket. This piece offers a sharp streetwear silhouette, perfect for layering and adding a cool, urban edge to your look."
148,Biti’s Sandals (Minimalist Leather),Biti’s,Sandals,Shoes,Women's Fashion,"Clean Design, Minimalist",178.0,"Simple, elegant, and comfortable. These minimalist leather sandals from Biti's are designed for a timeless look and a supportive feel for all-day wear."
149,Everest T-shirt (Casual Cotton),Everest,T-shirt,Shirts,Kid's Fashion,"Kids Everyday, Casual",122.0,"A reliable and rugged tee for young adventurers. This casual cotton t-shirt is built for comfort and durability, ready for any challenge they take on."
150,Bloom Jeans (Vintage/Retro Denim),Bloom,Jeans,Pants,Men's Fashion,"Retro/Heritage Style, Vintage",103.0,"Classic style with a vintage heart. These jeans feature a retro-inspired cut and wash, crafted from durable denim for a timeless look that gets better with every wear."
151,Zara Dress (Sustainable Organic Cotton),Zara,Dress,Dresses,Kid's Fashion,"Sustainable, Core Essential",119.0,"A sweet and simple dress for kids, made with sustainable organic cotton. It's soft on the skin and perfect for comfortable, everyday play."
152,H&M Sneakers (Athleisure Mesh),H&M,Sneakers,Shoes,Women's Fashion,"Lifestyle, Athleisure",130.0,Combine style and comfort with these versatile sneakers. The breathable mesh upper and sporty design make them a great choice for both active days and casual street looks.
153,Uniqlo Hoodie (Luxury/Statement Silk),Uniqlo,Hoodie,Outerwear,Men's Fashion,"Statement Piece, Luxury",215.0,"An unexpected touch of luxury. This hoodie redefines casualwear with its exquisite silk fabric, offering a sophisticated feel and a unique, high-end look."
154,Gucci Skirt (Seasonal Spandex),Gucci,Skirt,Dresses,Kid's Fashion,"Luxury, Statement Piece",113.0,"A playful and luxurious skirt for kids. This piece combines a comfortable, stretchy fit with Gucci's signature style, perfect for a fashionable seasonal look."
155,Nike Shorts (Casual Cotton),Nike,Shorts,Pants,Women's Fashion,"Everyday Essential, Casual",126.0,"Effortless comfort for her casual days. These Nike shorts are made from soft cotton, offering a relaxed fit that's perfect for lounging, workouts, or running errands."
156,Adidas Polo Shirt (Eco-Friendly Recycled Polyester,Adidas,Polo Shirt,Shirts,Kid's Fashion,"Eco-Friendly, Conscious Choice",135.0,"A sporty classic with a sustainable mission. This kids' polo is made from recycled materials, offering a sharp look and comfortable feel for the eco-conscious family."
157,Puma Jacket (Streetwear Denim),Puma,Jacket,Outerwear,Women's Fashion,"Streetwear, Urban Essential",110.0,"A bold denim jacket with a streetwear edge. This piece features a modern cut and on-trend details, making it a standout layer for any fashion-forward woman."
158,Coolmate Sandals (Minimalist Leather),Coolmate,Sandals,Shoes,Kid's Fashion,"Clean Design, Minimalist",180.0,"Minimalist design meets kid-friendly comfort. These leather sandals offer a simple, stylish look with a durable build, perfect for warm-weather outings."
159,Biti’s T-shirt (Casual Cotton),Biti’s,T-shirt,Shirts,Men's Fashion,"Casual, Everyday Essential",128.0,"A dependable and comfortable basic for any man's wardrobe. This Biti's t-shirt is made from soft cotton, providing a great fit for everyday wear."
160,Everest Jeans (Vintage/Retro Denim),Everest,Jeans,Pants,Women's Fashion,"Retro/Heritage Style, Vintage",107.0,"Built for style and adventure. These vintage-inspired jeans from Everest offer a classic, rugged look with durable denim construction that's ready for anything."
161,Bloom Dress (Sustainable Organic Cotton),Bloom,Dress,Dresses,Kid's Fashion,"Sustainable, Core Essential",120.0,"A charming and eco-friendly dress for kids. Made from soft organic cotton, it's a comfortable and conscious choice for any special occasion or everyday fun."
162,Zara Sneakers (Athleisure Mesh),Zara,Sneakers,Shoes,Men's Fashion,"Lifestyle, Athleisure",138.0,Your perfect partner for an active day. These Zara sneakers feature a lightweight mesh design for breathability and a sporty look that transitions from the gym to the street.
163,H&M Hoodie (Luxury/Statement Silk),H&M,Hoodie,Outerwear,Women's Fashion,"Luxury, Statement Piece",220.0,"Experience casualwear like never before. This H&M hoodie is crafted from luxurious silk, offering an incredibly soft feel and a surprisingly elegant statement."
164,Uniqlo Skirt (Seasonal Spandex),Uniqlo,Skirt,Dresses,Kid's Fashion,"Seasonal, Summer & Swim",116.0,"A fun, stretchy skirt that's perfect for active kids. The flexible spandex material allows for maximum movement, ideal for playdates and parties in any season."
165,Gucci Shorts (Casual Cotton),Gucci,Shorts,Pants,Men's Fashion,"Luxury, Statement Piece",130.0,"Luxury meets leisure in these Gucci shorts. Made from premium cotton, they offer a comfortable, relaxed fit while showcasing the brand's iconic, high-end appeal."
166,Nike Polo Shirt (Eco-Friendly Recycled Polyester),Nike,Polo Shirt,Shirts,Women's Fashion,"Eco-Friendly, Conscious Choice",140.0,"Performance, style, and sustainability. This Nike polo is made from recycled materials, offering a sharp look and moisture-wicking comfort for the modern, active woman."
167,Adidas Jacket (Streetwear Denim),Adidas,Jacket,Outerwear,Kid's Fashion,"Streetwear, Urban Essential",115.0,"A sporty take on the classic denim jacket for kids. This piece features iconic Adidas branding and a cool streetwear fit, perfect for young trendsetters."
168,Sustainable Cargo Pants,Uniqlo,Cargo Pants,Pants,Men's Fashion,"Sustainable, Core Essential",70.0,"Functionality, responsibly made. These cargo pants are crafted from recycled cotton, offering a modern, comfortable fit with ample storage for your daily essentials."
169,Vintage Slim-Fit Trousers,H&M,Slim-Fit Trousers,Pants,Men's Fashion,"Retro/Heritage Style, Vintage",85.0,"A sharp, retro-inspired silhouette. These slim-fit trousers offer a tailored look with a vintage touch, perfect for creating a polished yet unique style."
170,Athleisure Track Pants,Nike,Track Pants,Pants,Men's Fashion,"Performance, Athleisure",65.0,"Engineered for performance, designed for the street. These Nike track pants offer a sleek, athletic fit with moisture-wicking fabric for comfort during any activity."
171,Sustainable Chinos,Uniqlo,Chinos,Pants,Men's Fashion,"Core Essential, Sustainable",75.0,"A classic style, updated for a better future. These chinos are made from recycled polyester, offering a sharp look and a comfortable feel with a sustainable advantage."
172,Athleisure Joggers,Nike,Joggers,Pants,Women's Fashion,"Lifestyle, Athleisure",65.0,"The perfect blend of comfort and style for her active life. These Nike joggers feature a tapered fit and soft, performance fabric for lounging or light workouts."
173,Sustainable Culottes,H&M,Culottes,Pants,Women's Fashion,"Core Essential, Sustainable",70.0,"Chic, comfortable, and consciously made. These culottes are crafted from recycled polyester, featuring a stylish wide-leg silhouette for an effortlessly elegant look."
174,Streetwear Cargo Pants,Zara,Cargo Pants,Pants,Women's Fashion,"Urban Essential, Streetwear",80.0,"Embrace the utility trend with these on-point cargo pants. Featuring a modern cut and ample pocket space, they are the perfect foundation for a cool, streetwear look."
175,Vintage High-Waisted Trousers,Uniqlo,Wide-Leg Pants,Pants,Women's Fashion,"Retro/Heritage Style, Vintage",90.0,"A flattering, vintage-inspired silhouette. These high-waisted, wide-leg trousers create an elongated look with a touch of retro charm, perfect for a sophisticated style."
176,Seasonal Lightweight Leggings,H&M,Leggings,Pants,Women's Fashion,"Weather-Ready, Seasonal",50.0,"The perfect leggings for transitional weather. Made from a soft, lightweight cotton, they offer comfortable coverage without the bulk, ideal for layering or mild days."
177,Vintage Flannel Shirt,Zara,Flannel Shirt,Shirts,Men's Fashion,"Retro/Heritage Style, Vintage",60.0,"A timeless wardrobe staple with a rugged, vintage feel. This soft cotton flannel shirt is perfect for layering, offering warmth and a classic, casual look."
178,Streetwear Graphic Overshirt,H&M,Overshirt,Shirts,Men's Fashion,"Urban Essential, Streetwear",70.0,"A cool, versatile layering piece with a streetwear attitude. This graphic overshirt can be worn as a light jacket or a statement shirt, adding an urban edge to any outfit."
179,Sustainable Denim Shirt,Uniqlo,Denim Shirt,Shirts,Men's Fashion,"Core Essential, Sustainable",65.0,"A classic denim shirt, reimagined with recycled cotton. It offers the same timeless style and durability you love, but with a more sustainable approach."
180,Athleisure Performance Tee,Nike,T-shirt,Shirts,Men's Fashion,"Performance, Athleisure",55.0,"Optimize your workout with this performance tee. Engineered with sweat-wicking fabric, it helps keep you dry and comfortable through your most intense training sessions."
181,Seasonal Lightweight Tunic,Zara,Tunic,Shirts,Women's Fashion,"Seasonal, Summer & Swim",60.0,"An effortlessly chic tunic for warmer seasons. Its lightweight, flowing fabric and relaxed fit make it a perfect, comfortable choice for a breezy, stylish look."
182,Streetwear Oversized Graphic Tee,H&M,T-shirt,Shirts,Women's Fashion,"Urban Essential, Streetwear",50.0,"Make a bold statement with this oversized graphic tee. Its relaxed, slouchy fit and eye-catching print create an instant cool-girl, streetwear vibe."
183,Sustainable Flannel Shirt,Uniqlo,Flannel Shirt,Shirts,Women's Fashion,"Core Essential, Sustainable",65.0,"Cozy, comfortable, and consciously created. This soft flannel shirt is made from recycled cotton, offering a classic plaid look that's perfect for sustainable layering."
184,Athleisure Crop Performance Top,Nike,Crop Top,Shirts,Women's Fashion,"Performance, Athleisure",55.0,"A stylish and functional top for your workout. This crop top is made with performance fabric to keep you cool, featuring a sleek design for a confident, athletic look."
185,Vintage Denim Blouse,Zara,Blouse,Shirts,Women's Fashion,"Retro/Heritage Style, Vintage",70.0,"A feminine take on classic denim. This vintage-style blouse offers a soft feel and a relaxed fit, combining rugged material with a touch of retro elegance."
186,Sustainable Joggers,Puma,Joggers,Pants,Men's Fashion,"Sustainable, Core Essential",65.0,"Relax in style with these eco-friendly joggers. Made from recycled polyester, they offer a soft feel and a comfortable, tapered fit for a modern loungewear look."
187,Streetwear Slim-Fit Trousers,Coolmate,Slim-Fit Trousers,Pants,Men's Fashion,"Streetwear, Urban Essential",70.0,"A sharp and modern foundation for your streetwear outfits. These slim-fit trousers offer a clean, tailored silhouette that pairs perfectly with sneakers and hoodies."
188,Athleisure Cargo Pants,Everest,Cargo Pants,Pants,Men's Fashion,"Lifestyle, Athleisure",75.0,"The perfect fusion of utility and athletic style. These cargo pants are made from performance fabric, offering comfort, flexibility, and plenty of storage for your active life."
189,Vintage Chinos,Bloom,Chinos,Pants,Men's Fashion,"Retro/Heritage Style, Vintage",80.0,"A timeless classic with a retro feel. These chinos are crafted from durable cotton, offering a versatile and polished look inspired by vintage workwear."
190,Sustainable Wide-Leg Pants,Bloom,Wide-Leg Pants,Pants,Women's Fashion,"Sustainable, Core Essential",70.0,"Elegant, airy, and eco-conscious. These wide-leg pants are made from recycled cotton, offering a beautiful, flowing silhouette for a chic and sustainable statement."
191,Streetwear Culottes,Coolmate,Culottes,Pants,Women's Fashion,"Streetwear, Urban Essential",75.0,"A trendy and comfortable choice for a modern streetwear look. These denim culottes feature a wide-leg silhouette, offering a unique and fashion-forward style."
192,Athleisure Leggings,Puma,Leggings,Pants,Women's Fashion,"Athleisure, Performance",55.0,"Your go-to for comfort and performance. These leggings feature a supportive, high-waisted fit and stretchy fabric, perfect for yoga, the gym, or everyday wear."
193,Vintage Cargo Pants,Everest,Cargo Pants,Pants,Women's Fashion,"Retro/Heritage Style, Vintage",80.0,"A rugged, retro take on the utility trend. These denim cargo pants offer a durable build and a vintage aesthetic, perfect for a functional and stylish look."
194,Seasonal High-Waisted Trousers,Bloom,Wide-Leg Pants,Pants,Women's Fashion,"Summer & Swim, Seasonal",85.0,"Effortless elegance for warmer seasons. These high-waisted trousers feature a lightweight fabric and a flowing, wide-leg cut for a chic and breezy look."
195,Sustainable Overshirt,Puma,Overshirt,Shirts,Men's Fashion,"Core Essential, Sustainable",65.0,"A versatile layering piece with a conscience. This overshirt is crafted from recycled cotton, perfect to wear as a light jacket for a sustainable, utilitarian look."
196,Streetwear Graphic Tee,Coolmate,T-shirt,Shirts,Men's Fashion,"Urban Essential, Streetwear",50.0,"Level up your streetwear game with this bold graphic tee. Made from soft cotton, it's the perfect centerpiece for a cool, urban-inspired outfit."
197,Athleisure Performance Shirt,Everest,T-shirt,Shirts,Men's Fashion,"Performance, Athleisure",55.0,"Built for your toughest workouts. This performance shirt is made from moisture-wicking fabric to keep you cool and dry, helping you push your limits in comfort."
198,Vintage Flannel Shirt,Bloom,Flannel Shirt,Shirts,Men's Fashion,"Retro/Heritage Style, Vintage",60.0,"Classic, comfortable, and full of retro character. This soft cotton flannel shirt is a timeless essential for layering, offering warmth and a rugged, vintage look."
199,Seasonal Linen Blend Shirt,Puma,Button-up Shirt,Shirts,Men's Fashion,"Summer & Swim, Seasonal",70.0,"Stay cool and look sharp when the temperature rises. This shirt is made from a breathable linen-cotton blend, making it the perfect choice for smart summer style."
200,Sustainable Tunic,Bloom,Tunic,Shirts,Women's Fashion,"Core Essential, Sustainable",65.0,"An elegant and eco-friendly wardrobe addition. This tunic is made from soft recycled cotton, featuring a relaxed, flowing fit for a comfortable and conscious style."
201,Streetwear Oversized Blouse,Coolmate,Blouse,Shirts,Women's Fashion,"Urban Essential, Streetwear",70.0,An effortlessly cool and modern blouse. The oversized fit and denim fabric create a bold streetwear statement that's both comfortable and on-trend.
202,Athleisure Crop Tee,Puma,Crop Top,Shirts,Women's Fashion,"Performance, Athleisure",55.0,"A sporty and stylish crop tee for your active wardrobe. Made with performance fabric, it's perfect for pairing with high-waisted leggings for the gym or the street."
203,Vintage Denim Shirt,Everest,Denim Shirt,Shirts,Women's Fashion,"Retro/Heritage Style, Vintage",65.0,"A timeless piece with a soft, worn-in feel. This vintage-style denim shirt offers a classic, versatile look that can be dressed up or down for any occasion."
204,Seasonal Flannel Blouse,Bloom,Flannel Shirt,Shirts,Women's Fashion,"Weather-Ready, Seasonal",60.0,Cozy up in this classic flannel blouse. The soft cotton and timeless plaid pattern make it a perfect choice for adding warmth and style during cooler seasons.
205,Eco Cargo Joggers,Coolmate,Joggers,Pants,Men's Fashion,"Core Essential, Sustainable",68.0,"The perfect blend of utility and sustainability. These joggers feature classic cargo pockets and are made from recycled cotton for a comfortable, eco-friendly style."
206,Urban Slim Cargo Pants,Puma,Cargo Pants,Pants,Men's Fashion,"Urban Essential, Streetwear",72.0,"A modern, streamlined take on the cargo pant. This slim-fit version offers a sharp, urban look with the practicality of cargo pockets, crafted for the modern man."
207,Retro Relaxed Trousers,Everest,Slim-Fit Trousers,Pants,Men's Fashion,"Retro/Heritage Style, Vintage",80.0,"Inspired by classic tailoring, these relaxed trousers offer a comfortable fit with a sophisticated, retro vibe. The wool blend provides warmth and a timeless drape."
208,Active Performance Chinos,Bloom,Chinos,Pants,Men's Fashion,"Lifestyle, Athleisure",70.0,"The ultimate versatile pant. These chinos combine the sharp look of a dress pant with the stretch and comfort of performance wear, perfect for an active, modern lifestyle."
209,Summer Track Pants,Coolmate,Track Pants,Pants,Men's Fashion,"Seasonal, Summer & Swim",60.0,Stay cool and comfortable during your summer workouts. These lightweight track pants are designed with breathable fabric to keep you performing at your best in the heat.
210,Eco Flared Culottes,Puma,Culottes,Pants,Women's Fashion,"Sustainable, Core Essential",75.0,"A chic and sustainable silhouette. These culottes feature a stylish flared leg and are crafted from recycled polyester, offering an elegant look with an eco-friendly twist."
211,Urban Wide-Leg Cargo Pants,Everest,Wide-Leg Pants,Pants,Women's Fashion,"Streetwear, Urban Essential",80.0,"Make a bold streetwear statement with these wide-leg cargo pants. The oversized fit and utility pockets create an on-trend, urban look that's sure to turn heads."
212,Active Stretch Leggings,Bloom,Leggings,Pants,Women's Fashion,"Performance, Athleisure",55.0,"Move without limits in these high-performance leggings. The four-way stretch fabric provides a supportive, second-skin feel, perfect for yoga, running, and gym workouts."
213,Retro High-Waisted Jeans,Coolmate,Jeans,Pants,Women's Fashion,"Retro/Heritage Style, Vintage",85.0,"Flattering, comfortable, and full of vintage charm. These high-waisted jeans are designed to create a classic, retro silhouette that's always in style."
214,Summer Relaxed Trousers,Puma,Wide-Leg Pants,Pants,Women's Fashion,"Summer & Swim, Seasonal",70.0,"Breezy, lightweight, and effortlessly stylish. These relaxed-fit trousers are the perfect choice for staying cool and chic during the warm summer months."
215,Eco Henley Shirt,Coolmate,Henley Shirt,Shirts,Men's Fashion,"Core Essential, Sustainable",60.0,"A casual classic, responsibly made. This Henley shirt is crafted from recycled cotton, offering a soft, comfortable feel and a timeless look for your everyday wardrobe."
216,Urban Graphic Overshirt,Everest,Overshirt,Shirts,Men's Fashion,"Urban Essential, Streetwear",70.0,"A versatile layering piece with a bold, urban aesthetic. This graphic overshirt adds an instant streetwear edge, perfect for wearing over a tee or hoodie."
217,Active Performance Polo,Bloom,Polo Shirt,Shirts,Men's Fashion,"Performance, Athleisure",65.0,"Stay cool and sharp on and off the course. This performance polo is made with moisture-wicking fabric to keep you comfortable, featuring a sleek, athletic fit."
218,Retro Plaid Shirt,Puma,Flannel Shirt,Shirts,Men's Fashion,"Retro/Heritage Style, Vintage",60.0,"A timeless plaid shirt with a cool, retro vibe. Made from soft cotton, it's a versatile and essential piece for creating layered, casual looks with a vintage touch."
219,Summer Linen Tee,Coolmate,T-shirt,Shirts,Men's Fashion,"Summer & Swim, Seasonal",55.0,"The ultimate t-shirt for hot weather. Crafted from a breathable linen-cotton blend, it offers a lightweight feel and a relaxed look to keep you cool and stylish."
220,Eco Wrap Blouse,Everest,Blouse,Shirts,Women's Fashion,"Core Essential, Sustainable",70.0,"A beautifully designed blouse with a sustainable heart. Made from recycled cotton, this wrap-style top creates a flattering silhouette for an elegant, eco-conscious look."
221,Urban Crop Graphic Tee,Bloom,T-shirt,Shirts,Women's Fashion,"Urban Essential, Streetwear",50.0,"Add a punch of personality to your look with this cropped graphic tee. Its bold print and trendy cut make it a perfect piece for a fun, urban-inspired style."
222,Active Performance Crop Top,Coolmate,Crop Top,Shirts,Women's Fashion,"Performance, Athleisure",55.0,Designed to keep you cool while you work hard. This performance crop top features moisture-wicking technology and a supportive fit for your most intense workouts.
223,Retro Flannel Tunic,Puma,Tunic,Shirts,Women's Fashion,"Retro/Heritage Style, Vintage",65.0,"A cozy and stylish tunic with a vintage plaid design. Its longer length and soft flannel fabric make it perfect for pairing with leggings for a comfortable, retro look."
224,Summer Denim Blouse,Everest,Blouse,Shirts,Women's Fashion,"Summer & Swim, Seasonal",70.0,"A lightweight take on classic denim. This blouse is perfect for summer, offering the timeless look of denim in a softer, more breathable fabric for warm-weather style."
225,Active One-Piece Swimsuit,Everest,Swimsuit,Pants,Women's Fashion,"Performance, Athleisure",50.0,Great Pants from Everest
226,Active Tank Top,Coolmate,Swimsuit,Pants,Men's Fashion,"Athleisure, Performance",50.0,"A sleek and supportive swimsuit for your active lifestyle. Designed for performance and comfort, it's perfect for lap swimming or enjoying a day at the beach."
227,Active Bikini,Coolmate,Swimsuit,Pants,Women's Fashion,"Seasonal, Summer & Swim",35.0,"A versatile performance tank top for any workout. Its lightweight and breathable fabric helps keep you cool and comfortable, whether you're lifting, running, or training."
228,Active Rash Guard,Everest,Swimsuit,Pants,Men's Fashion,"Athleisure, Performance",45.0,"A sporty and stylish bikini for your summer adventures. Made from recycled polyester, it offers a comfortable and secure fit for swimming, sunbathing, or beach sports."
229,Test,Test,T-shirt,Shirts,Women's Fashion,"Business Casual, Athleisure",100.0,Test
